{"Payloads":["ChUIwJr7grCAg/edARCS1snf7qudrwIYmvXQzZTd/gIqRQoVCNXwltyPvaWgZRCYv4ixqKL1pOsBEicKDw2tdi0/FWTorL8duqz8PxIUDWLumrYVQC5GPx0/pv42JQANIj8dAACAPw=="],"Prefabs":["MiddleUC(Clone)"],"Positions":[{"x":1.10808062553405762,"y":0.4867418706417084,"z":0.9051210284233093}],"Rotations":[{"x":-2.3394772070477959e-17,"y":0.8594375848770142,"z":3.567815601270665e-17,"w":0.5112406611442566}],"Scales":[{"x":0.19999992847442628,"y":0.19999992847442628,"z":0.19999992847442628}]}